<typefaces>
<a:latin typeface="Calibri" panose="020F0502020204030204"></a:latin>
<a:buFont typeface="Arial" panose="020B0604020202020204" pitchFamily="34" charset="0"></a:buFont>
<a:latin typeface="Aharoni" panose="02010803020104030203" pitchFamily="2" charset="-79"></a:latin>
<a:latin typeface="うずらフォント" panose="02000609000000000000" pitchFamily="1" charset="-128"></a:latin>
<a:latin typeface="HGP行書体" panose="03000600000000000000" pitchFamily="66" charset="-128"></a:latin>
<a:latin typeface="ＭＳ 明朝" panose="02020609040205080304" pitchFamily="17" charset="-128"></a:latin>
<a:latin typeface="宋体" panose="02010600030101010101" pitchFamily="2" charset="-122"></a:latin>
<a:latin typeface="Helvetica" panose="020B0604020202020204" pitchFamily="34" charset="0"></a:latin>
<a:latin typeface="Cambria Math" panose="02040503050406030204" pitchFamily="18" charset="0"></a:latin>
<a:latin typeface="Courier New" panose="02070309020205020404" pitchFamily="49" charset="0"></a:latin>
<a:latin typeface="Segoe Marker" panose="03080602040302020204" pitchFamily="66" charset="0"></a:latin>
<a:latin typeface="MS UI Gothic" panose="020B0600070205080204" pitchFamily="50" charset="-128"></a:latin>
<a:latin typeface="ＭＳ Ｐ明朝" panose="02020600040205080304" pitchFamily="18" charset="-128"></a:latin>
<a:latin typeface="Georgia" panose="02040502050405020303" pitchFamily="18" charset="0"></a:latin>
<a:latin typeface="Acquest Script" panose="02000505000000020004" pitchFamily="2" charset="0"></a:latin>
<a:latin typeface="Alexandra Script" panose="03000400000000000000" pitchFamily="66" charset="0"></a:latin>
<a:latin typeface="メイリオ" panose="020B0604030504040204" pitchFamily="50" charset="-128"></a:latin>
<a:latin typeface="Rockwell" panose="02060603020205020403" pitchFamily="18" charset="0"></a:latin>
<a:latin typeface="Trebuchet MS" panose="020B0603020202020204" pitchFamily="34" charset="0"></a:latin>
<a:latin typeface="Segoe Condensed" panose="020B0606040200020203" pitchFamily="34" charset="0"></a:latin>
</typefaces>